timestamp,date,hour,shift,lot_id,product_id,process_step,equipment_id,cleaning_bath,carrier_id,carrier_type,bath_temp_c,chemical_concentration_pct,flow_rate_lpm,filter_life_day,particle_count,ni_contamination_ppb,inspection_count,defect_count,defect_rate,ng_type,rework_required,anomaly_flag,root_cause_hint,action_taken
2024-01-15T08:01:00.000Z,2024-01-15,8,B,LOT-001,PROD-B,INSPECT,EQP-04,BATH-3,CAR-005,C,48.4,11.28,5.89,2,222,8.27,100,3,0.03,DIMENSION,false,0,,
2024-01-14T15:10:00.000Z,2024-01-14,15,B,LOT-002,PROD-A,CLEAN,EQP-01,BATH-2,CAR-007,B,60.8,5.1,4.51,9,92,5.11,100,4,0.04,DIMENSION,false,0,,
2024-01-15T14:05:00.000Z,2024-01-15,14,B,LOT-003,PROD-B,CLEAN,EQP-03,BATH-1,CAR-001,C,45.8,10.42,7.65,11,418,7.2,100,9,0.09,PARTICLE,true,1,Filter replacement overdue,Carrier quarantined for inspection
2024-01-14T22:49:00.000Z,2024-01-14,22,C,LOT-004,PROD-B,COAT,EQP-02,BATH-3,CAR-006,C,58.1,10.13,5.11,27,269,11.22,100,3,0.03,PARTICLE,false,0,,
2024-01-15T07:33:00.000Z,2024-01-15,7,A,LOT-005,PROD-B,INSPECT,EQP-02,BATH-2,CAR-001,B,74.6,6.49,6.23,22,177,1.72,100,1,0.01,CONTAMINATION,false,0,,
2024-01-14T17:32:00.000Z,2024-01-14,17,C,LOT-006,PROD-B,INSPECT,EQP-03,BATH-1,CAR-008,B,57.4,11.06,7.92,15,384,17.97,100,10,0.1,PARTICLE,true,1,Ni contamination above threshold,Maintenance team notified
2024-01-15T11:37:00.000Z,2024-01-15,11,B,LOT-007,PROD-B,CLEAN,EQP-03,BATH-2,CAR-001,A,42,13.79,7.05,5,438,13.85,100,5,0.05,PARTICLE,false,1,Particle count spike - possible contamination,Bath concentration adjusted
2024-01-14T17:50:00.000Z,2024-01-14,17,C,LOT-008,PROD-B,CLEAN,EQP-03,BATH-3,CAR-006,A,66.2,10.91,7,4,364,9.27,100,5,0.05,PARTICLE,false,1,Chemical bath concentration drift,Maintenance team notified
2024-01-14T21:00:00.000Z,2024-01-14,21,C,LOT-009,PROD-A,COAT,EQP-02,BATH-3,CAR-001,C,69.9,12.33,4.01,5,292,7.09,100,4,0.04,SCRATCH,false,0,,
2024-01-15T02:49:00.000Z,2024-01-15,2,A,LOT-010,PROD-B,ETCH,EQP-03,BATH-3,CAR-006,C,45.3,8.53,2.39,16,371,12.21,100,7,0.07,DIMENSION,true,1,Ni contamination above threshold,Maintenance team notified
2024-01-15T07:59:00.000Z,2024-01-15,7,A,LOT-011,PROD-B,COAT,EQP-04,BATH-2,CAR-007,C,61.6,6.82,2.05,18,246,1.09,100,4,0.04,CONTAMINATION,false,0,,
2024-01-14T23:12:00.000Z,2024-01-14,23,C,LOT-012,PROD-B,COAT,EQP-03,BATH-1,CAR-008,C,56.4,8.9,2.8,26,386,17.39,100,9,0.09,PARTICLE,true,0,,
2024-01-14T17:47:00.000Z,2024-01-14,17,C,LOT-013,PROD-B,INSPECT,EQP-01,BATH-1,CAR-007,A,60,6.02,4.45,13,182,8.35,100,1,0.01,SCRATCH,false,0,,
2024-01-15T04:56:00.000Z,2024-01-15,4,A,LOT-014,PROD-A,ETCH,EQP-02,BATH-1,CAR-009,C,60.9,12.51,2.5,6,244,2.59,100,2,0.02,DIMENSION,false,0,,
2024-01-14T16:57:00.000Z,2024-01-14,16,C,LOT-015,PROD-A,INSPECT,EQP-02,BATH-3,CAR-009,A,58,7.61,7.74,19,107,7.55,100,4,0.04,CONTAMINATION,false,0,,
2024-01-15T06:44:00.000Z,2024-01-15,6,A,LOT-016,PROD-A,COAT,EQP-02,BATH-1,CAR-010,A,58.2,10.68,6.9,23,250,4.69,100,1,0.01,PARTICLE,false,0,,
2024-01-15T01:04:00.000Z,2024-01-15,1,A,LOT-017,PROD-B,INSPECT,EQP-01,BATH-3,CAR-009,A,67.1,12.76,5.24,25,227,11,100,1,0.01,PARTICLE,false,0,,
2024-01-15T10:01:00.000Z,2024-01-15,10,B,LOT-018,PROD-B,COAT,EQP-03,BATH-2,CAR-007,C,44.8,8.44,4.25,4,482,17.63,100,9,0.09,SCRATCH,true,1,Ni contamination above threshold,Filter replaced
2024-01-15T05:26:00.000Z,2024-01-15,5,A,LOT-019,PROD-A,CLEAN,EQP-04,BATH-3,CAR-007,A,70.7,8.37,2.95,20,163,5.65,100,2,0.02,DIMENSION,false,0,,
2024-01-15T07:59:00.000Z,2024-01-15,7,A,LOT-020,PROD-A,COAT,EQP-01,BATH-1,CAR-003,B,61.4,9.63,7.52,18,145,8.85,100,3,0.03,CONTAMINATION,false,0,,
2024-01-14T16:23:00.000Z,2024-01-14,16,C,LOT-021,PROD-B,ETCH,EQP-04,BATH-1,CAR-008,A,68.4,6.24,4.78,8,205,8.45,100,4,0.04,PARTICLE,false,0,,
2024-01-15T01:43:00.000Z,2024-01-15,1,A,LOT-022,PROD-B,CLEAN,EQP-02,BATH-1,CAR-005,C,76.6,7.16,2.05,14,139,2.62,100,3,0.03,SCRATCH,false,0,,
2024-01-15T14:30:00.000Z,2024-01-15,14,B,LOT-023,PROD-A,ETCH,EQP-04,BATH-3,CAR-003,B,49.8,6.24,6.57,17,74,3.87,100,3,0.03,CONTAMINATION,false,0,,
2024-01-15T12:58:00.000Z,2024-01-15,12,B,LOT-024,PROD-B,COAT,EQP-02,BATH-3,CAR-007,B,62.8,12.49,6.68,16,86,6.05,100,3,0.03,CONTAMINATION,false,0,,
2024-01-14T21:03:00.000Z,2024-01-14,21,C,LOT-025,PROD-A,ETCH,EQP-02,BATH-3,CAR-001,B,59,6.34,4.08,21,84,11.04,100,1,0.01,PARTICLE,false,0,,
2024-01-15T03:35:00.000Z,2024-01-15,3,A,LOT-026,PROD-A,INSPECT,EQP-03,BATH-3,CAR-007,C,63,10.55,7.82,26,473,11.67,100,6,0.06,PARTICLE,true,1,Filter replacement overdue,Carrier quarantined for inspection
2024-01-15T06:19:00.000Z,2024-01-15,6,A,LOT-027,PROD-B,ETCH,EQP-01,BATH-3,CAR-007,B,64.1,7.02,7.85,17,258,11.53,100,2,0.02,PARTICLE,false,0,,
2024-01-15T01:52:00.000Z,2024-01-15,1,A,LOT-028,PROD-A,CLEAN,EQP-01,BATH-3,CAR-006,C,63.4,14.05,5.12,23,157,2.1,100,3,0.03,PARTICLE,false,0,,
2024-01-15T12:53:00.000Z,2024-01-15,12,B,LOT-029,PROD-A,COAT,EQP-02,BATH-3,CAR-009,C,55.4,12.68,3.09,3,260,9.36,100,2,0.02,CONTAMINATION,false,0,,
2024-01-14T19:11:00.000Z,2024-01-14,19,C,LOT-030,PROD-A,INSPECT,EQP-04,BATH-1,CAR-002,B,57,11.01,2.55,28,225,1.34,100,2,0.02,CONTAMINATION,false,0,,
2024-01-15T09:19:00.000Z,2024-01-15,9,B,LOT-031,PROD-A,ETCH,EQP-03,BATH-2,CAR-006,B,63.8,9.92,4.64,12,364,10.82,100,10,0.1,DIMENSION,true,1,Ni contamination above threshold,Equipment cleaning scheduled
2024-01-15T02:17:00.000Z,2024-01-15,2,A,LOT-032,PROD-B,INSPECT,EQP-03,BATH-2,CAR-006,A,40.2,10.14,3.93,3,315,14.73,100,7,0.07,CONTAMINATION,true,1,Ni contamination above threshold,Carrier quarantined for inspection
2024-01-15T07:29:00.000Z,2024-01-15,7,A,LOT-033,PROD-A,ETCH,EQP-01,BATH-2,CAR-009,C,65.7,8.66,3.92,4,73,1.35,100,2,0.02,SCRATCH,false,0,,
2024-01-15T13:27:00.000Z,2024-01-15,13,B,LOT-034,PROD-B,ETCH,EQP-02,BATH-3,CAR-004,B,67.3,14.29,4.08,17,168,10.02,100,2,0.02,CONTAMINATION,false,0,,
2024-01-15T01:00:00.000Z,2024-01-15,1,A,LOT-035,PROD-B,COAT,EQP-03,BATH-2,CAR-001,B,51.1,9.95,6.38,23,378,5.28,100,10,0.1,SCRATCH,true,0,,
2024-01-14T18:09:00.000Z,2024-01-14,18,C,LOT-036,PROD-A,INSPECT,EQP-03,BATH-1,CAR-001,A,46,13.78,2.89,29,334,18.93,100,10,0.1,DIMENSION,true,1,EQP-03 carrier contamination (type B),Equipment cleaning scheduled
2024-01-15T06:05:00.000Z,2024-01-15,6,A,LOT-037,PROD-A,COAT,EQP-01,BATH-1,CAR-007,C,56.7,8.33,2.37,6,188,4.71,100,4,0.04,SCRATCH,false,0,,
2024-01-15T11:52:00.000Z,2024-01-15,11,B,LOT-038,PROD-B,CLEAN,EQP-01,BATH-3,CAR-010,A,59.7,11.23,6.77,21,118,1.61,100,1,0.01,PARTICLE,false,0,,
2024-01-15T07:01:00.000Z,2024-01-15,7,A,LOT-039,PROD-A,COAT,EQP-01,BATH-3,CAR-003,C,61.7,11.58,6.33,2,287,6.28,100,1,0.01,SCRATCH,false,0,,
2024-01-15T00:35:00.000Z,2024-01-15,0,A,LOT-040,PROD-A,COAT,EQP-02,BATH-1,CAR-004,C,56.7,8.99,3.66,29,108,10,100,1,0.01,DIMENSION,false,0,,
2024-01-14T16:23:00.000Z,2024-01-14,16,C,LOT-041,PROD-A,CLEAN,EQP-03,BATH-1,CAR-006,C,67,14.02,2.52,22,242,17.62,100,10,0.1,DIMENSION,true,1,Chemical bath concentration drift,Filter replaced
2024-01-14T16:51:00.000Z,2024-01-14,16,C,LOT-042,PROD-A,INSPECT,EQP-03,BATH-2,CAR-002,B,67.9,14.52,2.65,21,300,14.86,100,8,0.08,PARTICLE,true,1,Chemical bath concentration drift,Carrier quarantined for inspection
2024-01-14T20:43:00.000Z,2024-01-14,20,C,LOT-043,PROD-A,COAT,EQP-04,BATH-3,CAR-003,C,67.8,8.82,7.99,25,218,4.92,100,4,0.04,DIMENSION,false,0,,
2024-01-15T04:31:00.000Z,2024-01-15,4,A,LOT-044,PROD-A,ETCH,EQP-01,BATH-1,CAR-004,C,64.6,11.91,6.28,5,65,10.22,100,4,0.04,CONTAMINATION,false,0,,
2024-01-15T00:42:00.000Z,2024-01-15,0,A,LOT-045,PROD-B,INSPECT,EQP-01,BATH-1,CAR-004,C,55.5,7.07,7.95,14,292,7.71,100,2,0.02,SCRATCH,false,0,,
2024-01-15T03:08:00.000Z,2024-01-15,3,A,LOT-046,PROD-A,INSPECT,EQP-03,BATH-2,CAR-002,A,43.1,8.56,4.25,17,442,14.55,100,3,0.03,PARTICLE,false,1,Ni contamination above threshold,Filter replaced
2024-01-14T23:40:00.000Z,2024-01-14,23,C,LOT-047,PROD-A,INSPECT,EQP-02,BATH-2,CAR-003,B,49.7,9.53,2.64,17,227,6.15,100,3,0.03,PARTICLE,false,0,,
2024-01-14T16:50:00.000Z,2024-01-14,16,C,LOT-048,PROD-A,CLEAN,EQP-02,BATH-2,CAR-010,A,56.1,6.36,4.94,10,225,11.69,100,4,0.04,SCRATCH,false,0,,
2024-01-15T00:51:00.000Z,2024-01-15,0,A,LOT-049,PROD-B,INSPECT,EQP-01,BATH-2,CAR-007,C,66.4,10.75,7.83,23,191,2.1,100,1,0.01,SCRATCH,false,0,,
2024-01-15T03:41:00.000Z,2024-01-15,3,A,LOT-050,PROD-B,CLEAN,EQP-04,BATH-1,CAR-002,A,63.2,10.47,2.38,17,202,11.64,100,3,0.03,DIMENSION,false,0,,
2024-01-15T11:06:00.000Z,2024-01-15,11,B,LOT-051,PROD-B,INSPECT,EQP-03,BATH-3,CAR-003,A,42.8,14.83,5.5,15,494,9.19,100,10,0.1,SCRATCH,true,1,EQP-03 carrier contamination (type B),Equipment cleaning scheduled
2024-01-14T21:44:00.000Z,2024-01-14,21,C,LOT-052,PROD-B,ETCH,EQP-03,BATH-1,CAR-007,A,63.3,13.89,3.1,24,247,8.23,100,8,0.08,SCRATCH,true,0,,
2024-01-15T05:52:00.000Z,2024-01-15,5,A,LOT-053,PROD-A,ETCH,EQP-01,BATH-2,CAR-002,A,65,11.39,4.59,6,60,1.61,100,2,0.02,CONTAMINATION,false,0,,
2024-01-15T03:52:00.000Z,2024-01-15,3,A,LOT-054,PROD-B,CLEAN,EQP-01,BATH-1,CAR-006,B,67.9,11.03,6.73,25,92,10.84,100,4,0.04,SCRATCH,false,0,,
2024-01-15T01:44:00.000Z,2024-01-15,1,A,LOT-055,PROD-B,ETCH,EQP-02,BATH-1,CAR-010,C,68.1,9.35,4.21,6,134,9.11,100,3,0.03,CONTAMINATION,false,0,,
2024-01-15T07:42:00.000Z,2024-01-15,7,A,LOT-056,PROD-B,CLEAN,EQP-04,BATH-1,CAR-004,A,69.1,11.12,5.53,19,200,3.89,100,1,0.01,CONTAMINATION,false,0,,
2024-01-15T09:56:00.000Z,2024-01-15,9,B,LOT-057,PROD-B,COAT,EQP-03,BATH-1,CAR-003,A,56.2,10.45,6.74,16,239,18.38,100,10,0.1,CONTAMINATION,true,0,,
2024-01-14T22:11:00.000Z,2024-01-14,22,C,LOT-058,PROD-A,ETCH,EQP-02,BATH-2,CAR-003,C,69.9,13.47,5.07,10,131,7.39,100,1,0.01,CONTAMINATION,false,0,,
2024-01-14T21:33:00.000Z,2024-01-14,21,C,LOT-059,PROD-B,COAT,EQP-02,BATH-2,CAR-002,A,64.3,13.57,3.34,2,178,10.43,100,1,0.01,PARTICLE,false,0,,
2024-01-14T23:33:00.000Z,2024-01-14,23,C,LOT-060,PROD-A,INSPECT,EQP-03,BATH-1,CAR-010,B,48.9,9.84,3.08,18,320,18.12,100,10,0.1,DIMENSION,true,1,EQP-03 carrier contamination (type B),Bath concentration adjusted
2024-01-14T16:14:00.000Z,2024-01-14,16,C,LOT-061,PROD-B,COAT,EQP-04,BATH-1,CAR-005,A,44.7,10.52,4.43,5,105,11.75,100,3,0.03,DIMENSION,false,0,,
2024-01-15T10:11:00.000Z,2024-01-15,10,B,LOT-062,PROD-B,INSPECT,EQP-02,BATH-1,CAR-008,C,63.6,13.9,5.45,5,298,9.8,100,4,0.04,PARTICLE,false,0,,
2024-01-14T19:24:00.000Z,2024-01-14,19,C,LOT-063,PROD-A,CLEAN,EQP-01,BATH-1,CAR-001,A,67.2,14.66,2.96,22,174,8.51,100,4,0.04,CONTAMINATION,false,0,,
2024-01-15T07:43:00.000Z,2024-01-15,7,A,LOT-064,PROD-B,COAT,EQP-02,BATH-2,CAR-002,A,44,13.32,2.66,26,228,11.82,100,2,0.02,CONTAMINATION,false,0,,
2024-01-14T21:31:00.000Z,2024-01-14,21,C,LOT-065,PROD-A,INSPECT,EQP-01,BATH-1,CAR-005,A,62.4,10.17,5.2,25,250,1.58,100,1,0.01,SCRATCH,false,0,,
2024-01-15T12:56:00.000Z,2024-01-15,12,B,LOT-066,PROD-A,COAT,EQP-04,BATH-1,CAR-003,B,63.1,12.25,7.59,23,291,5.7,100,1,0.01,DIMENSION,false,0,,
2024-01-15T05:12:00.000Z,2024-01-15,5,A,LOT-067,PROD-A,CLEAN,EQP-03,BATH-2,CAR-009,A,46.4,7.22,4.03,18,488,15.29,100,10,0.1,SCRATCH,true,1,EQP-03 carrier contamination (type B),Filter replaced
2024-01-16T13:26:00.000Z,2024-01-16,13,B,LOT-068,PROD-B,CLEAN,EQP-04,BATH-1,CAR-009,A,48.5,5.8,4.72,20,196,11.81,100,2,0.02,SCRATCH,false,0,,
2024-01-16T07:33:00.000Z,2024-01-16,7,A,LOT-069,PROD-A,COAT,EQP-03,BATH-1,CAR-009,B,61.5,6.7,6.33,11,273,13.76,100,7,0.07,DIMENSION,true,1,EQP-03 carrier contamination (type B),Maintenance team notified
2024-01-16T08:17:00.000Z,2024-01-16,8,B,LOT-070,PROD-B,CLEAN,EQP-04,BATH-1,CAR-001,B,59.3,14.71,5.25,13,169,7.32,100,1,0.01,SCRATCH,false,0,,
2024-01-16T01:59:00.000Z,2024-01-16,1,A,LOT-071,PROD-A,ETCH,EQP-01,BATH-3,CAR-009,A,64.2,6.05,3.41,11,216,4.93,100,2,0.02,SCRATCH,false,0,,
2024-01-16T09:38:00.000Z,2024-01-16,9,B,LOT-072,PROD-B,INSPECT,EQP-01,BATH-3,CAR-007,C,64.5,14.45,2.58,17,157,5.3,100,1,0.01,SCRATCH,false,0,,
2024-01-16T06:55:00.000Z,2024-01-16,6,A,LOT-073,PROD-B,INSPECT,EQP-04,BATH-3,CAR-009,C,61.6,6.69,7.1,15,68,4.03,100,2,0.02,PARTICLE,false,0,,
2024-01-16T08:49:00.000Z,2024-01-16,8,B,LOT-074,PROD-A,ETCH,EQP-02,BATH-2,CAR-005,A,51.4,11.77,5.79,6,243,2.59,100,1,0.01,SCRATCH,false,0,,
2024-01-15T21:30:00.000Z,2024-01-15,21,C,LOT-075,PROD-A,INSPECT,EQP-04,BATH-3,CAR-001,A,55.1,10.01,4.05,22,102,11.89,100,3,0.03,SCRATCH,false,0,,
2024-01-15T22:25:00.000Z,2024-01-15,22,C,LOT-076,PROD-A,ETCH,EQP-03,BATH-1,CAR-009,A,50.8,14,4.61,6,220,9.67,100,7,0.07,SCRATCH,true,0,,
2024-01-16T02:50:00.000Z,2024-01-16,2,A,LOT-077,PROD-B,ETCH,EQP-02,BATH-3,CAR-006,B,60.2,8.04,3.26,15,116,9.66,100,1,0.01,CONTAMINATION,false,0,,
2024-01-16T10:34:00.000Z,2024-01-16,10,B,LOT-078,PROD-B,INSPECT,EQP-03,BATH-1,CAR-001,B,51,10.95,5.98,28,354,14.45,100,10,0.1,DIMENSION,true,1,Ni contamination above threshold,Bath concentration adjusted
2024-01-15T23:35:00.000Z,2024-01-15,23,C,LOT-079,PROD-A,INSPECT,EQP-03,BATH-2,CAR-010,A,42.7,8.08,4.91,6,476,7.88,100,6,0.06,PARTICLE,true,0,,
2024-01-16T08:35:00.000Z,2024-01-16,8,B,LOT-080,PROD-A,INSPECT,EQP-02,BATH-1,CAR-005,C,65.5,14.06,5.05,1,270,0.3,100,4,0.04,DIMENSION,false,0,,
2024-01-15T15:16:00.000Z,2024-01-15,15,B,LOT-081,PROD-A,ETCH,EQP-01,BATH-3,CAR-007,B,58.6,6.6,3.52,9,262,6.02,100,1,0.01,PARTICLE,false,0,,
2024-01-15T15:17:00.000Z,2024-01-15,15,B,LOT-082,PROD-A,CLEAN,EQP-01,BATH-1,CAR-003,B,63.7,9.59,3.35,3,92,2.83,100,3,0.03,DIMENSION,false,0,,
2024-01-15T19:40:00.000Z,2024-01-15,19,C,LOT-083,PROD-B,INSPECT,EQP-04,BATH-3,CAR-010,C,63.2,9.86,5.3,7,133,7.02,100,3,0.03,DIMENSION,false,0,,
2024-01-15T23:16:00.000Z,2024-01-15,23,C,LOT-084,PROD-A,CLEAN,EQP-02,BATH-3,CAR-001,C,56.4,9.26,5.61,22,239,5.2,100,4,0.04,DIMENSION,false,0,,
2024-01-16T02:06:00.000Z,2024-01-16,2,A,LOT-085,PROD-B,CLEAN,EQP-04,BATH-3,CAR-010,B,58.6,14.34,5.41,25,59,1.06,100,3,0.03,SCRATCH,false,0,,
2024-01-16T05:40:00.000Z,2024-01-16,5,A,LOT-086,PROD-A,COAT,EQP-01,BATH-1,CAR-002,C,75.6,6.36,7.62,19,258,1.07,100,1,0.01,CONTAMINATION,false,0,,
2024-01-15T23:09:00.000Z,2024-01-15,23,C,LOT-087,PROD-A,CLEAN,EQP-03,BATH-2,CAR-002,A,42.9,12.71,5.7,15,327,12.18,100,3,0.03,CONTAMINATION,false,1,Particle count spike - possible contamination,Filter replaced
2024-01-15T17:41:00.000Z,2024-01-15,17,C,LOT-088,PROD-B,COAT,EQP-01,BATH-1,CAR-008,B,59.9,7.85,4.96,24,150,11.6,100,2,0.02,CONTAMINATION,false,0,,
2024-01-15T16:04:00.000Z,2024-01-15,16,C,LOT-089,PROD-A,ETCH,EQP-04,BATH-3,CAR-010,C,59,7.61,5.01,22,221,1.96,100,3,0.03,PARTICLE,false,0,,
2024-01-15T22:45:00.000Z,2024-01-15,22,C,LOT-090,PROD-A,COAT,EQP-03,BATH-2,CAR-008,A,67.2,14.81,3.54,17,394,14.85,100,5,0.05,DIMENSION,false,1,Filter replacement overdue,Carrier quarantined for inspection
2024-01-15T15:18:00.000Z,2024-01-15,15,B,LOT-091,PROD-A,CLEAN,EQP-04,BATH-1,CAR-005,B,65,11.95,5.53,28,237,3.2,100,3,0.03,CONTAMINATION,false,0,,
2024-01-16T09:27:00.000Z,2024-01-16,9,B,LOT-092,PROD-B,CLEAN,EQP-01,BATH-1,CAR-006,A,55.6,12.7,5,9,170,11.12,100,2,0.02,SCRATCH,false,0,,
2024-01-15T16:01:00.000Z,2024-01-15,16,C,LOT-093,PROD-B,COAT,EQP-01,BATH-3,CAR-010,A,65.1,8.16,6.69,8,288,8.28,100,2,0.02,PARTICLE,false,0,,
2024-01-15T20:38:00.000Z,2024-01-15,20,C,LOT-094,PROD-B,COAT,EQP-01,BATH-2,CAR-005,C,68.9,5.94,6.79,21,276,4.81,100,2,0.02,SCRATCH,false,0,,
2024-01-15T15:23:00.000Z,2024-01-15,15,B,LOT-095,PROD-A,INSPECT,EQP-02,BATH-3,CAR-010,B,40.1,11.36,5.16,8,264,9.55,100,3,0.03,CONTAMINATION,false,0,,
2024-01-16T10:50:00.000Z,2024-01-16,10,B,LOT-096,PROD-B,CLEAN,EQP-03,BATH-1,CAR-006,B,52.8,12.53,2.82,26,399,13.44,100,10,0.1,PARTICLE,true,1,Chemical bath concentration drift,Equipment cleaning scheduled
2024-01-16T05:19:00.000Z,2024-01-16,5,A,LOT-097,PROD-A,COAT,EQP-04,BATH-3,CAR-006,C,50.7,14.3,6.06,2,71,11.73,100,1,0.01,CONTAMINATION,false,0,,
2024-01-16T13:44:00.000Z,2024-01-16,13,B,LOT-098,PROD-A,INSPECT,EQP-02,BATH-1,CAR-007,A,58.9,11.17,6.34,2,75,7.51,100,4,0.04,PARTICLE,false,0,,
2024-01-16T02:13:00.000Z,2024-01-16,2,A,LOT-099,PROD-A,ETCH,EQP-04,BATH-3,CAR-003,C,42.9,8.85,4.35,26,135,6.32,100,3,0.03,CONTAMINATION,false,0,,
2024-01-16T13:06:00.000Z,2024-01-16,13,B,LOT-100,PROD-B,COAT,EQP-03,BATH-3,CAR-006,B,64.1,11.01,4.45,15,219,13.8,100,8,0.08,DIMENSION,true,1,Particle count spike - possible contamination,Maintenance team notified
2024-01-15T15:30:00.000Z,2024-01-15,15,B,LOT-101,PROD-A,CLEAN,EQP-02,BATH-2,CAR-003,A,62.4,11.75,3.8,1,173,8.36,100,3,0.03,DIMENSION,false,0,,
2024-01-16T13:10:00.000Z,2024-01-16,13,B,LOT-102,PROD-B,ETCH,EQP-02,BATH-3,CAR-007,A,65.4,9.36,5.93,7,259,9.62,100,2,0.02,DIMENSION,false,0,,
2024-01-16T01:44:00.000Z,2024-01-16,1,A,LOT-103,PROD-A,ETCH,EQP-01,BATH-3,CAR-006,B,64.7,14.89,2.72,19,164,1.14,100,3,0.03,PARTICLE,false,0,,
2024-01-15T16:14:00.000Z,2024-01-15,16,C,LOT-104,PROD-A,ETCH,EQP-03,BATH-1,CAR-005,A,40.1,6.98,7.66,23,204,10.67,100,5,0.05,DIMENSION,false,0,,
2024-01-16T01:54:00.000Z,2024-01-16,1,A,LOT-105,PROD-A,COAT,EQP-03,BATH-3,CAR-006,A,45.4,6.38,7.65,13,213,14.95,100,10,0.1,SCRATCH,true,0,,
2024-01-16T08:53:00.000Z,2024-01-16,8,B,LOT-106,PROD-B,COAT,EQP-01,BATH-2,CAR-001,C,67.6,6.68,2.67,29,78,3.93,100,3,0.03,DIMENSION,false,0,,
2024-01-15T18:04:00.000Z,2024-01-15,18,C,LOT-107,PROD-B,ETCH,EQP-04,BATH-1,CAR-009,C,56.5,12.89,2.71,10,240,8.38,100,3,0.03,CONTAMINATION,false,0,,
2024-01-15T23:50:00.000Z,2024-01-15,23,C,LOT-108,PROD-A,INSPECT,EQP-02,BATH-1,CAR-010,C,61.9,8.97,3.24,19,176,5.88,100,3,0.03,CONTAMINATION,false,0,,
2024-01-16T02:41:00.000Z,2024-01-16,2,A,LOT-109,PROD-A,ETCH,EQP-03,BATH-1,CAR-007,B,59.3,11.69,4.11,11,463,7.8,100,10,0.1,PARTICLE,true,0,,
2024-01-16T09:57:00.000Z,2024-01-16,9,B,LOT-110,PROD-B,COAT,EQP-04,BATH-2,CAR-005,B,59.1,11.46,7.1,2,77,2.67,100,3,0.03,DIMENSION,false,0,,
2024-01-15T18:11:00.000Z,2024-01-15,18,C,LOT-111,PROD-A,ETCH,EQP-01,BATH-2,CAR-003,B,60.9,7.27,4.19,14,215,0.97,100,1,0.01,PARTICLE,false,0,,
2024-01-16T04:05:00.000Z,2024-01-16,4,A,LOT-112,PROD-A,COAT,EQP-02,BATH-3,CAR-009,B,56.5,13.47,2.49,19,177,6.98,100,4,0.04,DIMENSION,false,0,,
2024-01-16T12:39:00.000Z,2024-01-16,12,B,LOT-113,PROD-A,ETCH,EQP-04,BATH-3,CAR-008,C,61.7,5.09,7.37,12,75,9.13,100,3,0.03,PARTICLE,false,0,,
2024-01-16T13:08:00.000Z,2024-01-16,13,B,LOT-114,PROD-A,ETCH,EQP-01,BATH-1,CAR-008,B,69.2,13.9,7.57,20,75,10.06,100,3,0.03,CONTAMINATION,false,0,,
2024-01-16T13:12:00.000Z,2024-01-16,13,B,LOT-115,PROD-A,COAT,EQP-02,BATH-1,CAR-009,A,54.1,14.98,4.34,16,230,11.21,100,3,0.03,DIMENSION,false,0,,
2024-01-15T17:17:00.000Z,2024-01-15,17,C,LOT-116,PROD-A,INSPECT,EQP-04,BATH-3,CAR-010,A,64.8,14.36,5.13,10,186,4.91,100,1,0.01,CONTAMINATION,false,0,,
2024-01-16T14:59:00.000Z,2024-01-16,14,B,LOT-117,PROD-B,COAT,EQP-01,BATH-3,CAR-003,B,47.7,14.29,2.46,12,107,0.48,100,2,0.02,CONTAMINATION,false,0,,
2024-01-16T12:52:00.000Z,2024-01-16,12,B,LOT-118,PROD-B,CLEAN,EQP-04,BATH-1,CAR-007,A,62.4,8.96,6.65,20,275,4.82,100,1,0.01,DIMENSION,false,0,,
2024-01-15T16:02:00.000Z,2024-01-15,16,C,LOT-119,PROD-B,ETCH,EQP-03,BATH-3,CAR-007,A,47.1,11.02,3.77,24,259,10.91,100,10,0.1,PARTICLE,true,1,EQP-03 carrier contamination (type B),Maintenance team notified
2024-01-16T11:03:00.000Z,2024-01-16,11,B,LOT-120,PROD-A,COAT,EQP-01,BATH-1,CAR-008,A,43.2,11.49,5.56,5,266,0.35,100,2,0.02,SCRATCH,false,0,,
2024-01-16T10:25:00.000Z,2024-01-16,10,B,LOT-121,PROD-B,INSPECT,EQP-04,BATH-2,CAR-010,B,58,8.86,3.28,22,256,0.59,100,2,0.02,DIMENSION,false,0,,
2024-01-16T14:24:00.000Z,2024-01-16,14,B,LOT-122,PROD-B,COAT,EQP-02,BATH-1,CAR-002,B,59.7,8.81,6.95,5,182,3.39,100,1,0.01,PARTICLE,false,0,,
2024-01-16T09:22:00.000Z,2024-01-16,9,B,LOT-123,PROD-B,ETCH,EQP-01,BATH-3,CAR-005,B,69,10.33,5.99,13,85,8.07,100,3,0.03,DIMENSION,false,0,,
2024-01-15T22:09:00.000Z,2024-01-15,22,C,LOT-124,PROD-A,COAT,EQP-03,BATH-1,CAR-002,B,61.2,9.81,7.47,26,443,15.5,100,10,0.1,SCRATCH,true,1,Particle count spike - possible contamination,Equipment cleaning scheduled
2024-01-16T00:58:00.000Z,2024-01-16,0,A,LOT-125,PROD-B,ETCH,EQP-04,BATH-3,CAR-002,C,56.6,6.89,7.94,5,246,3.01,100,2,0.02,PARTICLE,false,0,,
2024-01-15T23:48:00.000Z,2024-01-15,23,C,LOT-126,PROD-B,ETCH,EQP-01,BATH-3,CAR-005,B,61.1,7.84,4.28,30,143,11.65,100,2,0.02,CONTAMINATION,false,0,,
2024-01-15T21:02:00.000Z,2024-01-15,21,C,LOT-127,PROD-A,COAT,EQP-02,BATH-3,CAR-003,A,68.6,10.05,4.34,30,110,3.13,100,1,0.01,DIMENSION,false,0,,
2024-01-16T08:41:00.000Z,2024-01-16,8,B,LOT-128,PROD-B,COAT,EQP-04,BATH-2,CAR-008,A,60.3,11.03,6.99,25,266,2.25,100,2,0.02,SCRATCH,false,0,,
2024-01-16T11:30:00.000Z,2024-01-16,11,B,LOT-129,PROD-B,INSPECT,EQP-01,BATH-3,CAR-006,B,59.3,5.76,7.73,27,192,6.32,100,1,0.01,SCRATCH,false,0,,
2024-01-15T18:47:00.000Z,2024-01-15,18,C,LOT-130,PROD-B,ETCH,EQP-02,BATH-3,CAR-002,A,67.3,5.37,6.32,17,109,3.06,100,2,0.02,SCRATCH,false,0,,
2024-01-15T22:36:00.000Z,2024-01-15,22,C,LOT-131,PROD-B,ETCH,EQP-02,BATH-2,CAR-001,A,52.4,6.55,7.95,22,266,1.31,100,3,0.03,DIMENSION,false,0,,
2024-01-16T03:50:00.000Z,2024-01-16,3,A,LOT-132,PROD-B,CLEAN,EQP-04,BATH-2,CAR-004,A,58.2,11.57,2.1,14,268,7.74,100,4,0.04,DIMENSION,false,0,,
2024-01-15T19:56:00.000Z,2024-01-15,19,C,LOT-133,PROD-B,INSPECT,EQP-02,BATH-1,CAR-008,B,60.3,7.96,6.81,5,166,6.14,100,4,0.04,SCRATCH,false,0,,
2024-01-15T17:03:00.000Z,2024-01-15,17,C,LOT-134,PROD-B,INSPECT,EQP-02,BATH-2,CAR-003,B,57.4,7.76,3.94,2,239,4.23,100,3,0.03,CONTAMINATION,false,0,,
2024-01-17T11:43:00.000Z,2024-01-17,11,B,LOT-135,PROD-A,ETCH,EQP-02,BATH-2,CAR-004,A,57.7,6.73,6.19,17,179,4.53,100,3,0.03,PARTICLE,false,0,,
2024-01-16T20:39:00.000Z,2024-01-16,20,C,LOT-136,PROD-A,ETCH,EQP-03,BATH-3,CAR-003,A,59.7,9.39,5.98,17,348,5.74,100,8,0.08,CONTAMINATION,true,0,,
2024-01-16T18:56:00.000Z,2024-01-16,18,C,LOT-137,PROD-B,INSPECT,EQP-04,BATH-2,CAR-007,B,50.1,11.79,6.01,21,250,1.96,100,1,0.01,DIMENSION,false,0,,
2024-01-17T08:22:00.000Z,2024-01-17,8,B,LOT-138,PROD-A,INSPECT,EQP-01,BATH-1,CAR-008,C,65.1,11.35,5.54,20,90,7.54,100,3,0.03,DIMENSION,false,0,,
2024-01-17T00:37:00.000Z,2024-01-17,0,A,LOT-139,PROD-A,INSPECT,EQP-01,BATH-2,CAR-002,C,56.7,11.04,2.56,12,179,11.96,100,3,0.03,PARTICLE,false,0,,
2024-01-17T03:07:00.000Z,2024-01-17,3,A,LOT-140,PROD-A,INSPECT,EQP-03,BATH-1,CAR-009,B,46.5,7.66,7.58,5,476,5.77,100,10,0.1,SCRATCH,true,1,Particle count spike - possible contamination,Bath concentration adjusted
2024-01-17T01:40:00.000Z,2024-01-17,1,A,LOT-141,PROD-A,INSPECT,EQP-04,BATH-3,CAR-004,C,59.6,14.56,3.67,18,66,9.12,100,1,0.01,DIMENSION,false,0,,
2024-01-16T15:56:00.000Z,2024-01-16,15,B,LOT-142,PROD-B,CLEAN,EQP-03,BATH-3,CAR-006,A,69.7,14.09,4.64,22,489,12.53,100,8,0.08,SCRATCH,true,1,Particle count spike - possible contamination,Carrier quarantined for inspection
2024-01-17T08:53:00.000Z,2024-01-17,8,B,LOT-143,PROD-A,COAT,EQP-04,BATH-1,CAR-010,C,68.6,14.45,5.53,19,296,10.51,100,2,0.02,CONTAMINATION,false,0,,
2024-01-16T21:05:00.000Z,2024-01-16,21,C,LOT-144,PROD-A,INSPECT,EQP-04,BATH-1,CAR-004,A,55.7,5.91,4.76,15,261,5.86,100,1,0.01,DIMENSION,false,0,,
2024-01-17T07:00:00.000Z,2024-01-17,7,A,LOT-145,PROD-B,CLEAN,EQP-01,BATH-3,CAR-007,C,66.8,6.59,6.75,16,256,0.69,100,2,0.02,SCRATCH,false,0,,
2024-01-16T15:37:00.000Z,2024-01-16,15,B,LOT-146,PROD-A,COAT,EQP-04,BATH-1,CAR-002,B,61.3,14.59,4.71,7,136,11.83,100,2,0.02,CONTAMINATION,false,0,,
2024-01-16T15:48:00.000Z,2024-01-16,15,B,LOT-147,PROD-B,INSPECT,EQP-04,BATH-2,CAR-002,A,57.4,12.01,2.67,3,234,6.51,100,2,0.02,SCRATCH,false,0,,
2024-01-17T04:18:00.000Z,2024-01-17,4,A,LOT-148,PROD-A,CLEAN,EQP-03,BATH-3,CAR-005,C,51.6,7.85,3.37,19,195,12.41,100,9,0.09,PARTICLE,true,1,Ni contamination above threshold,Maintenance team notified
2024-01-17T12:52:00.000Z,2024-01-17,12,B,LOT-149,PROD-B,COAT,EQP-02,BATH-3,CAR-004,B,56.6,5.78,4.85,25,163,7.37,100,3,0.03,PARTICLE,false,0,,
2024-01-17T10:39:00.000Z,2024-01-17,10,B,LOT-150,PROD-A,INSPECT,EQP-01,BATH-1,CAR-010,B,62.4,8.59,4.3,19,51,9.75,100,3,0.03,DIMENSION,false,0,,
2024-01-16T19:54:00.000Z,2024-01-16,19,C,LOT-151,PROD-A,ETCH,EQP-02,BATH-3,CAR-007,C,69.1,9.7,3.09,24,298,4.51,100,1,0.01,SCRATCH,false,0,,
2024-01-17T13:11:00.000Z,2024-01-17,13,B,LOT-152,PROD-A,CLEAN,EQP-02,BATH-2,CAR-001,A,56.1,8.41,5.68,28,60,10.13,100,3,0.03,DIMENSION,false,0,,
2024-01-17T08:45:00.000Z,2024-01-17,8,B,LOT-153,PROD-A,CLEAN,EQP-03,BATH-3,CAR-009,B,45.7,14.65,7,1,393,12.53,100,10,0.1,PARTICLE,true,1,Filter replacement overdue,Equipment cleaning scheduled
2024-01-17T02:36:00.000Z,2024-01-17,2,A,LOT-154,PROD-B,INSPECT,EQP-02,BATH-3,CAR-005,C,60.2,13.05,2.82,4,300,6.47,100,1,0.01,PARTICLE,false,0,,
2024-01-17T00:29:00.000Z,2024-01-17,0,A,LOT-155,PROD-B,ETCH,EQP-04,BATH-2,CAR-009,A,56.3,13.8,3.57,2,109,2.95,100,4,0.04,CONTAMINATION,false,0,,
2024-01-17T06:02:00.000Z,2024-01-17,6,A,LOT-156,PROD-A,CLEAN,EQP-03,BATH-1,CAR-005,C,60.8,10.09,2.51,25,372,15.9,100,10,0.1,PARTICLE,true,1,EQP-03 carrier contamination (type B),Filter replaced
2024-01-16T22:15:00.000Z,2024-01-16,22,C,LOT-157,PROD-B,COAT,EQP-01,BATH-2,CAR-005,B,60.6,6.48,4.21,11,265,0.69,100,1,0.01,PARTICLE,false,0,,
2024-01-16T16:05:00.000Z,2024-01-16,16,C,LOT-158,PROD-B,CLEAN,EQP-04,BATH-3,CAR-002,C,58.6,9.96,7.42,5,173,9.87,100,4,0.04,SCRATCH,false,0,,
2024-01-16T22:14:00.000Z,2024-01-16,22,C,LOT-159,PROD-B,INSPECT,EQP-01,BATH-3,CAR-008,A,57.3,10.45,3.47,12,146,8.05,100,2,0.02,SCRATCH,false,0,,
2024-01-17T02:53:00.000Z,2024-01-17,2,A,LOT-160,PROD-B,INSPECT,EQP-01,BATH-3,CAR-008,B,59,8.06,5.31,22,219,3.78,100,3,0.03,SCRATCH,false,0,,
2024-01-16T19:45:00.000Z,2024-01-16,19,C,LOT-161,PROD-A,COAT,EQP-03,BATH-2,CAR-004,C,57.4,13.69,6.07,21,200,7.77,100,8,0.08,DIMENSION,true,0,,
2024-01-16T20:05:00.000Z,2024-01-16,20,C,LOT-162,PROD-B,CLEAN,EQP-02,BATH-1,CAR-002,B,57.6,13.97,3.55,26,89,3.47,100,3,0.03,PARTICLE,false,0,,
2024-01-17T00:27:00.000Z,2024-01-17,0,A,LOT-163,PROD-A,ETCH,EQP-04,BATH-2,CAR-009,B,56,9.98,4.81,26,258,10.75,100,3,0.03,CONTAMINATION,false,0,,
2024-01-17T03:10:00.000Z,2024-01-17,3,A,LOT-164,PROD-A,ETCH,EQP-01,BATH-1,CAR-007,C,55.7,9.08,6.37,23,248,9.22,100,2,0.02,PARTICLE,false,0,,
2024-01-17T10:00:00.000Z,2024-01-17,10,B,LOT-165,PROD-A,INSPECT,EQP-04,BATH-2,CAR-006,C,61.1,9.48,5.82,27,99,3.01,100,2,0.02,PARTICLE,false,0,,
2024-01-17T07:30:00.000Z,2024-01-17,7,A,LOT-166,PROD-B,INSPECT,EQP-03,BATH-2,CAR-007,C,61.9,11.42,5.15,24,358,12.88,100,8,0.08,DIMENSION,true,1,Particle count spike - possible contamination,Filter replaced
2024-01-17T05:40:00.000Z,2024-01-17,5,A,LOT-167,PROD-A,INSPECT,EQP-02,BATH-1,CAR-006,A,66.6,13.32,3.48,21,163,2.59,100,1,0.01,CONTAMINATION,false,0,,
2024-01-17T10:22:00.000Z,2024-01-17,10,B,LOT-168,PROD-A,ETCH,EQP-03,BATH-2,CAR-001,A,59.2,10.67,7.49,14,290,15.97,100,10,0.1,CONTAMINATION,true,0,,
2024-01-16T22:27:00.000Z,2024-01-16,22,C,LOT-169,PROD-B,COAT,EQP-01,BATH-2,CAR-005,B,62.8,10.71,3.83,28,100,9.89,100,2,0.02,SCRATCH,false,0,,
2024-01-16T17:36:00.000Z,2024-01-16,17,C,LOT-170,PROD-A,CLEAN,EQP-02,BATH-1,CAR-007,B,60.8,5.35,6.43,25,209,9.34,100,3,0.03,DIMENSION,false,0,,
2024-01-16T22:04:00.000Z,2024-01-16,22,C,LOT-171,PROD-B,COAT,EQP-03,BATH-1,CAR-006,C,45.8,5.28,5.44,7,322,17.92,100,4,0.04,SCRATCH,false,1,Ni contamination above threshold,Filter replaced
2024-01-17T03:29:00.000Z,2024-01-17,3,A,LOT-172,PROD-B,INSPECT,EQP-01,BATH-2,CAR-004,B,58.8,9.31,5.49,20,106,6.01,100,1,0.01,SCRATCH,false,0,,
2024-01-17T00:15:00.000Z,2024-01-17,0,A,LOT-173,PROD-B,ETCH,EQP-04,BATH-3,CAR-010,A,69.9,10.65,3.35,2,122,11.11,100,1,0.01,PARTICLE,false,0,,
2024-01-17T14:54:00.000Z,2024-01-17,14,B,LOT-174,PROD-B,ETCH,EQP-04,BATH-2,CAR-006,A,66.9,9.54,2.71,23,265,0.87,100,2,0.02,SCRATCH,false,0,,
2024-01-17T06:58:00.000Z,2024-01-17,6,A,LOT-175,PROD-A,INSPECT,EQP-02,BATH-3,CAR-005,B,66.4,9.22,6.64,15,258,4.12,100,1,0.01,DIMENSION,false,0,,
2024-01-16T15:49:00.000Z,2024-01-16,15,B,LOT-176,PROD-B,COAT,EQP-03,BATH-1,CAR-005,B,50.9,13.88,3.94,1,469,12.03,100,8,0.08,CONTAMINATION,true,1,Particle count spike - possible contamination,Carrier quarantined for inspection
2024-01-16T22:54:00.000Z,2024-01-16,22,C,LOT-177,PROD-B,CLEAN,EQP-02,BATH-2,CAR-006,B,63.2,5.27,7.72,1,198,10.19,100,3,0.03,PARTICLE,false,0,,
2024-01-17T14:38:00.000Z,2024-01-17,14,B,LOT-178,PROD-A,COAT,EQP-02,BATH-3,CAR-009,B,60.5,12.04,3.11,25,97,7.57,100,4,0.04,CONTAMINATION,false,0,,
2024-01-17T12:36:00.000Z,2024-01-17,12,B,LOT-179,PROD-B,INSPECT,EQP-02,BATH-1,CAR-005,C,60.3,14.12,7.59,11,109,4.31,100,2,0.02,PARTICLE,false,0,,
2024-01-17T10:44:00.000Z,2024-01-17,10,B,LOT-180,PROD-A,COAT,EQP-03,BATH-1,CAR-008,B,55.9,5.57,4.05,7,242,13.94,100,10,0.1,CONTAMINATION,true,1,EQP-03 carrier contamination (type B),Bath concentration adjusted
2024-01-17T14:33:00.000Z,2024-01-17,14,B,LOT-181,PROD-B,COAT,EQP-04,BATH-2,CAR-010,B,61.2,13.88,5.66,15,177,4.81,100,3,0.03,DIMENSION,false,0,,
2024-01-17T09:32:00.000Z,2024-01-17,9,B,LOT-182,PROD-B,ETCH,EQP-04,BATH-2,CAR-001,C,67.6,5.09,4.23,20,148,8.59,100,2,0.02,DIMENSION,false,0,,
2024-01-17T14:52:00.000Z,2024-01-17,14,B,LOT-183,PROD-A,CLEAN,EQP-01,BATH-1,CAR-002,C,69.9,5.11,7.65,24,203,8.75,100,3,0.03,PARTICLE,false,0,,
2024-01-17T00:48:00.000Z,2024-01-17,0,A,LOT-184,PROD-A,INSPECT,EQP-04,BATH-2,CAR-008,B,64.5,11.15,3.94,23,268,4.57,100,3,0.03,DIMENSION,false,0,,
2024-01-17T03:06:00.000Z,2024-01-17,3,A,LOT-185,PROD-B,INSPECT,EQP-01,BATH-1,CAR-007,A,49.8,9.51,3.22,26,230,9.08,100,2,0.02,PARTICLE,false,0,,
2024-01-17T05:11:00.000Z,2024-01-17,5,A,LOT-186,PROD-A,ETCH,EQP-01,BATH-2,CAR-008,B,62.7,6.77,3.09,28,255,9.7,100,2,0.02,CONTAMINATION,false,0,,
2024-01-16T15:29:00.000Z,2024-01-16,15,B,LOT-187,PROD-A,COAT,EQP-03,BATH-1,CAR-007,A,47.2,10.45,2.95,24,328,12.41,100,4,0.04,SCRATCH,false,0,,
2024-01-17T01:58:00.000Z,2024-01-17,1,A,LOT-188,PROD-A,CLEAN,EQP-03,BATH-3,CAR-003,C,58.7,7.48,3.45,8,178,11.98,100,4,0.04,PARTICLE,false,0,,
2024-01-17T08:32:00.000Z,2024-01-17,8,B,LOT-189,PROD-A,INSPECT,EQP-01,BATH-2,CAR-010,B,60.8,7.9,7.08,7,139,11.28,100,2,0.02,CONTAMINATION,false,0,,
2024-01-17T01:04:00.000Z,2024-01-17,1,A,LOT-190,PROD-B,INSPECT,EQP-03,BATH-2,CAR-001,A,56.7,14.19,6.65,1,153,8.62,100,10,0.1,DIMENSION,true,1,Particle count spike - possible contamination,Filter replaced
2024-01-17T08:13:00.000Z,2024-01-17,8,B,LOT-191,PROD-A,CLEAN,EQP-02,BATH-2,CAR-006,B,58.7,7.92,7.28,27,166,2.99,100,1,0.01,DIMENSION,false,0,,
2024-01-16T16:47:00.000Z,2024-01-16,16,C,LOT-192,PROD-B,INSPECT,EQP-04,BATH-1,CAR-007,B,68.4,8.27,4.27,11,285,3.11,100,2,0.02,PARTICLE,false,0,,
2024-01-16T22:54:00.000Z,2024-01-16,22,C,LOT-193,PROD-A,COAT,EQP-01,BATH-2,CAR-003,B,59.5,5.57,2.28,21,93,4.06,100,1,0.01,DIMENSION,false,0,,
2024-01-16T22:57:00.000Z,2024-01-16,22,C,LOT-194,PROD-A,CLEAN,EQP-03,BATH-3,CAR-008,C,53.4,5.61,3.61,27,478,7.08,100,10,0.1,DIMENSION,true,0,,
2024-01-17T14:04:00.000Z,2024-01-17,14,B,LOT-195,PROD-A,INSPECT,EQP-02,BATH-1,CAR-008,A,56.5,8.08,6.58,4,216,0.06,100,3,0.03,PARTICLE,false,0,,
2024-01-17T10:07:00.000Z,2024-01-17,10,B,LOT-196,PROD-B,COAT,EQP-02,BATH-2,CAR-003,A,62.4,11.09,2.2,19,209,0.2,100,3,0.03,SCRATCH,false,0,,
2024-01-17T02:02:00.000Z,2024-01-17,2,A,LOT-197,PROD-B,COAT,EQP-02,BATH-3,CAR-005,B,65.2,6.62,2.04,6,236,3.15,100,1,0.01,DIMENSION,false,0,,
2024-01-17T10:49:00.000Z,2024-01-17,10,B,LOT-198,PROD-B,ETCH,EQP-02,BATH-3,CAR-008,B,57.7,10.26,6.16,23,155,0.02,100,2,0.02,DIMENSION,false,0,,
2024-01-17T07:59:00.000Z,2024-01-17,7,A,LOT-199,PROD-B,ETCH,EQP-02,BATH-2,CAR-004,C,78.9,13.28,3.78,26,110,8.2,100,4,0.04,PARTICLE,false,0,,
2024-01-17T03:16:00.000Z,2024-01-17,3,A,LOT-200,PROD-A,CLEAN,EQP-02,BATH-1,CAR-008,A,66.7,5.01,3.39,4,216,2.45,100,3,0.03,DIMENSION,false,0,,